[
    {
        "fact": "chuck norris connait le nom du soldat inconnu",
        "date": "1374931523",
        "vote": "298",
        "points": "1076"
    },
    {
        "fact": "Chuck Norris n'apprend pas, il se souvient.",
        "date": "1374930847",
        "vote": "285",
        "points": "776"
    },
    {
        "fact": "Quand Chuck Norris se regarde dans une petite cuillére son image est renvoyé à l'endroit !",
        "date": "1374930838",
        "vote": "271",
        "points": "599"
    },
    {
        "fact": "Chuck Norris n'est pas le meilleur, car, pour pouvoir être le meilleur, il faut d'abord pouvoir être comparable.",
        "date": "1373297784",
        "vote": "1250",
        "points": "5256"
    },
    {
        "fact": "Chuck Norris peut éteindre un feu de foret avec un tourne-vis. Accessoirement, il peut aussi visser une vis avec un extincteur ...",
        "date": "1373297772",
        "vote": "1602",
        "points": "6549"
    },
    {
        "fact": "Un jour, au restaurant, Chuck Norris a commandé un steak. Et le steak a obéi.",
        "date": "1373297555",
        "vote": "80357",
        "points": "329310"
    },
    {
        "fact": "Si Chuck Norris avait été pris dans le film \"300\" il l'aurait renommé en \"1\".",
        "date": "1373297546",
        "vote": "78982",
        "points": "329054"
    },
    {
        "fact": "Dans une pièce normale, il y a en moyenne 1242 objets avec lesquels Chuck Norris peut vous tuer, en incluant la pièce elle même.",
        "date": "1373297535",
        "vote": "78561",
        "points": "329319"
    },
    {
        "fact": "Chuck Norris est le père de schtroumpfette",
        "date": "1373297527",
        "vote": "990",
        "points": "2563"
    },
    {
        "fact": "La guerre du Golfe a commencé quand Chuck Norris a raté le 18ème trou.",
        "date": "1373297521",
        "vote": "4573",
        "points": "20683"
    },
    {
        "fact": "Chuck Norris connait la dernière décimale de Pi.",
        "date": "1373297506",
        "vote": "79723",
        "points": "330376"
    },
    {
        "fact": "Chuck Norris mesure son pouls sur l'échelle de Richter.",
        "date": "1373297505",
        "vote": "81869",
        "points": "337440"
    },
    {
        "fact": "Chuck Norris peut encercler ses ennemis. Tout seul.",
        "date": "1373297495",
        "vote": "76900",
        "points": "338266"
    },
    {
        "fact": "Quand Chuck Norris sest mis au judo, David Douillet sest mis aux pièces jaunes.",
        "date": "1373297489",
        "vote": "78301",
        "points": "337516"
    },
    {
        "fact": "Chuck Norris a déjà été sur Mars, c'est pour cela qu'il n'y a pas de signes de vie là bas.",
        "date": "1373297480",
        "vote": "82368",
        "points": "343080"
    },
    {
        "fact": "Chuck Norris est la raison pour laquelle Charlie se cache.",
        "date": "1373297473",
        "vote": "83172",
        "points": "345139"
    },
    {
        "fact": "Il n'y a pas de théorie de l'évolution. Juste une liste d'espèces que Chuck Norris autorise à survivre.",
        "date": "1373297465",
        "vote": "83497",
        "points": "346274"
    },
    {
        "fact": "La formule chimique du cyanure est \"CN\", les initiales de Chuck Norris. Coincidence ? je ne pense pas...",
        "date": "1373297464",
        "vote": "19242",
        "points": "81720"
    },
    {
        "fact": "Les suisses ne sont pas neutres, ils attendent de savoir de quel coté Chuck Norris se situe.",
        "date": "1373297455",
        "vote": "88716",
        "points": "368462"
    },
    {
        "fact": "Chuck Norris a un jour avalé un paquet entier de somnifères. Il a cligné des yeux.",
        "date": "1373297451",
        "vote": "89565",
        "points": "373376"
    },
    {
        "fact": "Quand Google ne trouve pas quelque chose, il demande à Chuck Norris.",
        "date": "1373297445",
        "vote": "89270",
        "points": "373739"
    },
    {
        "fact": "Chuck Norris joue à la roulette russe avec un chargeur plein.",
        "date": "1373297440",
        "vote": "88059",
        "points": "375731"
    },
    {
        "fact": "Chuck Norris sait parler le braille.",
        "date": "1373297434",
        "vote": "89154",
        "points": "376051"
    },
    {
        "fact": "Chuck Norris comprend Jean-Claude Van Damme.",
        "date": "1373297429",
        "vote": "92444",
        "points": "384134"
    },
    {
        "fact": "Chuck Norris peut diviser par zéro.",
        "date": "1373297425",
        "vote": "93692",
        "points": "386074"
    },
    {
        "fact": "Dieu a dit: que la lumiere soit! et Chuck Norris répondit : On dit s'il vous plait.",
        "date": "1373297412",
        "vote": "93185",
        "points": "387879"
    },
    {
        "fact": "Chuck Norris fait pleurer les oignons.",
        "date": "1373297406",
        "vote": "95274",
        "points": "398418"
    },
    {
        "fact": "La seule chose qui arrive à la cheville de Chuck Norris... c'est sa chaussette.",
        "date": "1373297400",
        "vote": "97431",
        "points": "408482"
    },
    {
        "fact": "Chuck Norris ne porte pas de montre. Il décide de l'heure qu'il est.",
        "date": "1373297395",
        "vote": "100151",
        "points": "416314"
    },
    {
        "fact": "Jesus Christ est né en 1940 avant Chuck Norris.",
        "date": "1373297391",
        "vote": "100470",
        "points": "425749"
    },
    {
        "fact": "Un jour, Chuck Norris a perdu son alliance. Depuis c'est le bordel dans les terres du milieu...",
        "date": "1373297384",
        "vote": "95868",
        "points": "427978"
    },
    {
        "fact": "Quand on tape Chuck Norris sur Google, le bouton \"j'aidelachance\" disparaît...",
        "date": "1373297374",
        "vote": "20355",
        "points": "91118"
    },
    {
        "fact": "Chuck Norris peut gagner une partie de puissance 4 en trois coups.",
        "date": "1373297368",
        "vote": "102761",
        "points": "441750"
    },
    {
        "fact": "Chuck Norris ne se mouille pas, c'est l'eau qui se Chuck Norris.",
        "date": "1373297362",
        "vote": "111444",
        "points": "472023"
    },
    {
        "fact": "Chuck Norris et Superman ont fait un bras de fer, le perdant devait mettre son slip par dessus son pantalon.",
        "date": "1373297355",
        "vote": "109019",
        "points": "479316"
    },
    {
        "fact": "Certaines personnes portent un pyjama Superman. Superman porte un pyjama Chuck Norris.",
        "date": "1373297346",
        "vote": "123650",
        "points": "531473"
    },
    {
        "fact": "Chuck Norris a déjà compté jusqu'à l'infini. Deux fois.",
        "date": "1373297343",
        "vote": "180071",
        "points": "824709"
    },
    {
        "fact": "Google, c'est le seul endroit où tu peux taper Chuck Norris...",
        "date": "1373297340",
        "vote": "131038",
        "points": "583662"
    },
    {
        "fact": "Chuck Norris peut faire travailler un fonctionnaire.",
        "date": "1373297312",
        "vote": "21539",
        "points": "95740"
    },
    {
        "fact": "On ne le sait pas mais c'est Chuck Norris qui a trouvé Sadam Hussein. Depuis Georges Bush lui doit une biere.",
        "date": "1373297242",
        "vote": "395",
        "points": "1267"
    },
    {
        "fact": "Chuck Norris a tué son ombre. On ne suit pas Chuck Norris ...",
        "date": "1373296615",
        "vote": "56176",
        "points": "239978"
    },
    {
        "fact": "Parmi les accessoires du couteau suisse de Chuck Norris, il y a Mac Gyver.",
        "date": "1373296582",
        "vote": "55023",
        "points": "235432"
    },
    {
        "fact": "Maitre Yoda a perdu la vie le jour où il a appelé Chuck Norris \"NorrisChuck\".",
        "date": "1373296575",
        "vote": "55182",
        "points": "238819"
    },
    {
        "fact": "J.C.Van Damme casse des noix entre ses fesses. Chuck Norris Casse J.C.Van Damme de le même façon.",
        "date": "1373296563",
        "vote": "56075",
        "points": "241159"
    },
    {
        "fact": "Une larme de Chuck Norris peut guérir du cancer, malheureusement Chuck Norris ne pleure pas.",
        "date": "1373296557",
        "vote": "57527",
        "points": "241466"
    },
    {
        "fact": "Jésus a marché sur l'eau, mais Chuck Norris a marché sur Jésus.",
        "date": "1373296551",
        "vote": "57002",
        "points": "242963"
    },
    {
        "fact": "Chuck Norris enfant n'envoyait pas de lettres au Père Noël. Il envoyait des ultimatums.",
        "date": "1373296547",
        "vote": "59080",
        "points": "246856"
    },
    {
        "fact": "Dieu voulait créer l'univers en 10 jours. Chuck Norris lui en a donné 6.",
        "date": "1373296538",
        "vote": "59034",
        "points": "248467"
    },
    {
        "fact": "Un aigle peut lire un journal à 1400 mètres de distance. Chuck Norris peut tourner la page.",
        "date": "1373296534",
        "vote": "58358",
        "points": "251011"
    },
    {
        "fact": "Un jour, Chuck Norris a fait la blague de \"j'aivolétonnez\" à Mickael Jackson...",
        "date": "1373296528",
        "vote": "56654",
        "points": "251812"
    }
]
